{
	"schemaVersion": 1,
	"id": "randomness",
	"version": "${version}",
	"name": "Randomness",
	"description": "This is an example description! Tell everyone what your mod is about!",
	"authors": [
		"Me!"
	],
	"contact": {
		"homepage": "https://fabricmc.net/",
		"sources": "https://github.com/FabricMC/fabric-example-mod"
	},
	"license": "CC0-1.0",
	"icon": "assets/randomness/icon.png",
	"environment": "*",
	"entrypoints": {
		"main": [
			"com.random.randomness.Randomness"
		],
		"fabric-datagen": [
			"com.random.randomness.RandomnessDataGenerator"
		]
	},
	"mixins": [
		"randomness.mixins.json"
	],
	"depends": {
		"fabricloader": ">=0.18.3",
		"minecraft": "~1.18.2",
		"java": ">=17",
		"fabric-api": "*"
	}
}